Timestamp,LogType,Message
2024-02-01 01:45:41.853900,INFO,DynamoDB operation completed successfully
2024-02-01 04:51:16.082492,INFO,DynamoDB operation completed successfully
2024-02-01 04:51:16.082492,INFO,DynamoDB operation completed successfully
2024-02-01 04:51:16.082492,INFO,DynamoDB operation completed successfully
2024-02-01 07:02:30.773091,INFO,DynamoDB operation completed successfully
2024-02-01 14:17:27.327190,INFO,DynamoDB operation completed successfully
2024-02-01 14:17:27.327190,INFO,DynamoDB operation completed successfully
2024-02-01 15:07:04.593811,INFO,DynamoDB operation completed successfully
2024-02-01 16:07:42.692738,INFO,DynamoDB operation completed successfully
2024-02-01 16:07:42.692738,INFO,DynamoDB operation completed successfully
2024-02-02 00:36:06.358692,INFO,DynamoDB operation completed successfully
2024-02-02 00:36:06.358692,ERROR,DynamoDB Service Unavailability
2024-02-02 05:03:36.390070,INFO,DynamoDB operation completed successfully
2024-02-02 05:03:36.390070,INFO,DynamoDB operation completed successfully
2024-02-02 06:55:10.012816,INFO,DynamoDB operation completed successfully
2024-02-02 06:55:10.012816,INFO,DynamoDB operation completed successfully
2024-02-03 09:15:06.487267,INFO,DynamoDB operation completed successfully
2024-02-03 09:15:06.487267,INFO,DynamoDB operation completed successfully
2024-02-03 10:56:00.538428,INFO,DynamoDB operation completed successfully
2024-02-03 10:56:00.538428,INFO,DynamoDB operation completed successfully
2024-02-03 10:56:00.538428,INFO,DynamoDB operation completed successfully
2024-02-03 20:55:49.080292,INFO,DynamoDB operation completed successfully
2024-02-03 20:55:49.080292,INFO,DynamoDB operation completed successfully
2024-02-03 22:31:59.149935,INFO,DynamoDB operation completed successfully
2024-02-04 21:59:08.122457,INFO,DynamoDB operation completed successfully
2024-02-04 23:11:28.037983,INFO,DynamoDB operation completed successfully
2024-02-05 00:01:56.723467,INFO,DynamoDB operation completed successfully
2024-02-05 04:53:40.831735,INFO,DynamoDB operation completed successfully
2024-02-05 06:54:13.656259,INFO,DynamoDB operation completed successfully
2024-02-05 09:34:52.879751,INFO,DynamoDB operation completed successfully
2024-02-05 09:34:52.879751,INFO,DynamoDB operation completed successfully
2024-02-05 09:34:52.879751,INFO,DynamoDB operation completed successfully
2024-02-06 05:42:56.031278,INFO,DynamoDB operation completed successfully
2024-02-06 05:42:56.031278,ERROR,DynamoDB Service Unavailability
2024-02-06 09:11:08.787226,INFO,DynamoDB operation completed successfully
2024-02-06 11:47:00.543225,INFO,DynamoDB operation completed successfully
2024-02-06 13:19:36.116357,INFO,DynamoDB operation completed successfully
2024-02-06 13:19:36.116357,INFO,DynamoDB operation completed successfully
2024-02-06 13:19:36.116357,INFO,DynamoDB operation completed successfully
2024-02-06 14:02:18.039810,INFO,DynamoDB operation completed successfully
2024-02-06 15:50:50.538958,INFO,DynamoDB operation completed successfully
2024-02-06 16:11:11.826806,INFO,DynamoDB operation completed successfully
2024-02-06 16:11:11.826806,INFO,DynamoDB operation completed successfully
2024-02-07 00:06:45.628423,INFO,DynamoDB operation completed successfully
2024-02-07 18:14:30.121609,INFO,DynamoDB operation completed successfully
2024-02-07 18:14:30.121609,INFO,DynamoDB operation completed successfully
2024-02-07 22:14:12.245678,INFO,DynamoDB operation completed successfully
2024-02-08 02:54:01.903412,ERROR,DynamoDB Service Unavailability
2024-02-08 02:54:01.903412,INFO,DynamoDB operation completed successfully
2024-02-08 02:54:01.903412,INFO,DynamoDB operation completed successfully
2024-02-09 00:46:43.697842,INFO,DynamoDB operation completed successfully
2024-02-09 01:02:36.218695,INFO,DynamoDB operation completed successfully
2024-02-09 08:27:52.109187,ERROR,DynamoDB Service Unavailability
2024-02-09 08:27:52.109187,INFO,DynamoDB operation completed successfully
2024-02-09 08:27:52.109187,INFO,DynamoDB operation completed successfully
2024-02-09 08:27:52.109187,INFO,DynamoDB operation completed successfully
2024-02-09 22:15:21.127490,INFO,DynamoDB operation completed successfully
2024-02-09 22:15:21.127490,INFO,DynamoDB operation completed successfully
2024-02-09 22:15:21.127490,INFO,DynamoDB operation completed successfully
2024-02-09 22:15:21.127490,INFO,DynamoDB operation completed successfully
2024-02-09 22:15:21.127490,INFO,DynamoDB operation completed successfully
2024-02-10 00:48:54.403628,INFO,DynamoDB operation completed successfully
2024-02-11 08:04:30.094319,INFO,DynamoDB operation completed successfully
2024-02-11 08:20:38.776268,INFO,DynamoDB operation completed successfully
2024-02-11 08:20:38.776268,INFO,DynamoDB operation completed successfully
2024-02-11 18:26:14.825368,INFO,DynamoDB operation completed successfully
2024-02-11 23:07:33.689807,INFO,DynamoDB operation completed successfully
2024-02-11 23:09:17.324291,INFO,DynamoDB operation completed successfully
2024-02-12 08:20:23.513780,INFO,DynamoDB operation completed successfully
2024-02-12 10:38:53.563280,INFO,DynamoDB operation completed successfully
2024-02-12 10:38:53.563280,INFO,DynamoDB operation completed successfully
2024-02-12 10:38:53.563280,ERROR,DynamoDB Service Unavailability
2024-02-12 18:56:13.435756,INFO,DynamoDB operation completed successfully
2024-02-12 20:44:33.427224,INFO,DynamoDB operation completed successfully
2024-02-13 21:35:13.058882,INFO,DynamoDB operation completed successfully
2024-02-13 21:35:13.058882,INFO,DynamoDB operation completed successfully
2024-02-14 03:01:10.684142,INFO,DynamoDB operation completed successfully
2024-02-14 08:27:38.107266,INFO,DynamoDB operation completed successfully
2024-02-14 11:54:32.551445,INFO,DynamoDB operation completed successfully
2024-02-14 11:54:32.551445,INFO,DynamoDB operation completed successfully
2024-02-14 11:54:39.059140,INFO,DynamoDB operation completed successfully
2024-02-14 11:54:39.059140,INFO,DynamoDB operation completed successfully
2024-02-14 12:58:49.080997,INFO,DynamoDB operation completed successfully
2024-02-14 16:33:32.511859,INFO,DynamoDB operation completed successfully
2024-02-14 16:33:32.511859,INFO,DynamoDB operation completed successfully
2024-02-14 17:24:12.448351,INFO,DynamoDB operation completed successfully
2024-02-14 22:59:53.464390,INFO,DynamoDB operation completed successfully
2024-02-14 23:18:44.409254,INFO,DynamoDB operation completed successfully
2024-02-15 05:30:02.318872,INFO,DynamoDB operation completed successfully
2024-02-15 06:15:36.846635,INFO,DynamoDB operation completed successfully
2024-02-15 14:40:33.547946,INFO,DynamoDB operation completed successfully
2024-02-15 19:18:18.200467,INFO,DynamoDB operation completed successfully
2024-02-15 19:18:18.200467,INFO,DynamoDB operation completed successfully
2024-02-15 21:54:13.928799,INFO,DynamoDB operation completed successfully
2024-02-15 21:54:13.928799,INFO,DynamoDB operation completed successfully
2024-02-16 08:57:23.565930,INFO,DynamoDB operation completed successfully
2024-02-16 08:57:23.565930,INFO,DynamoDB operation completed successfully
2024-02-16 13:31:31.088723,INFO,DynamoDB operation completed successfully
2024-02-17 00:38:29.862031,INFO,DynamoDB operation completed successfully
2024-02-17 00:42:56.198182,INFO,DynamoDB operation completed successfully
2024-02-17 08:13:28.222171,INFO,DynamoDB operation completed successfully
2024-02-17 08:13:28.222171,INFO,DynamoDB operation completed successfully
2024-02-17 08:13:28.222171,INFO,DynamoDB operation completed successfully
2024-02-17 08:13:28.222171,INFO,DynamoDB operation completed successfully
2024-02-17 12:37:37.195070,INFO,DynamoDB operation completed successfully
2024-02-17 21:00:52.907835,INFO,DynamoDB operation completed successfully
2024-02-17 21:00:52.907835,INFO,DynamoDB operation completed successfully
2024-02-18 07:52:14.640292,ERROR,DynamoDB Service Unavailability
2024-02-18 07:52:14.640292,INFO,DynamoDB operation completed successfully
2024-02-18 07:52:14.640292,INFO,DynamoDB operation completed successfully
2024-02-18 08:46:03.359885,INFO,DynamoDB operation completed successfully
2024-02-18 08:46:03.359885,INFO,DynamoDB operation completed successfully
2024-02-18 08:46:03.359885,INFO,DynamoDB operation completed successfully
2024-02-18 09:15:09.278114,INFO,DynamoDB operation completed successfully
2024-02-18 16:55:53.525898,INFO,DynamoDB operation completed successfully
2024-02-19 01:43:50.304824,INFO,DynamoDB operation completed successfully
2024-02-19 01:43:50.304824,INFO,DynamoDB operation completed successfully
2024-02-19 07:48:01.110955,INFO,DynamoDB operation completed successfully
2024-02-19 08:59:40.476887,INFO,DynamoDB operation completed successfully
2024-02-19 17:02:37.762417,INFO,DynamoDB operation completed successfully
2024-02-19 17:17:58.706949,INFO,DynamoDB operation completed successfully
2024-02-19 17:17:58.706949,INFO,DynamoDB operation completed successfully
2024-02-19 17:27:50.522131,ERROR,DynamoDB Service Unavailability
2024-02-19 22:50:42.305282,INFO,DynamoDB operation completed successfully
2024-02-19 22:50:42.305282,ERROR,DynamoDB Service Unavailability
2024-02-19 23:17:19.078602,INFO,DynamoDB operation completed successfully
2024-02-19 23:17:19.078602,INFO,DynamoDB operation completed successfully
2024-02-20 09:26:08.794211,INFO,DynamoDB operation completed successfully
2024-02-20 09:26:08.794211,INFO,DynamoDB operation completed successfully
2024-02-20 16:58:09.408226,INFO,DynamoDB operation completed successfully
2024-02-20 16:58:09.408226,INFO,DynamoDB operation completed successfully
2024-02-20 20:37:52.027715,INFO,DynamoDB operation completed successfully
2024-02-21 04:19:18.950063,INFO,DynamoDB operation completed successfully
2024-02-21 04:19:18.950063,INFO,DynamoDB operation completed successfully
2024-02-21 04:19:18.950063,ERROR,DynamoDB Service Unavailability
2024-02-21 04:19:18.950063,INFO,DynamoDB operation completed successfully
2024-02-21 13:22:18.096695,INFO,DynamoDB operation completed successfully
2024-02-21 13:22:18.096695,INFO,DynamoDB operation completed successfully
2024-02-21 13:24:04.100861,INFO,DynamoDB operation completed successfully
2024-02-21 13:24:04.100861,ERROR,DynamoDB Service Unavailability
2024-02-21 13:52:16.809972,INFO,DynamoDB operation completed successfully
2024-02-21 15:59:25.622516,INFO,DynamoDB operation completed successfully
2024-02-21 16:02:19.084414,INFO,DynamoDB operation completed successfully
2024-02-21 20:09:04.333315,INFO,DynamoDB operation completed successfully
2024-02-21 23:14:04.441515,INFO,DynamoDB operation completed successfully
2024-02-21 23:30:40.682439,INFO,DynamoDB operation completed successfully
2024-02-22 01:06:21.324469,INFO,DynamoDB operation completed successfully
2024-02-22 02:21:40.568462,INFO,DynamoDB operation completed successfully
2024-02-22 02:21:40.568462,INFO,DynamoDB operation completed successfully
2024-02-22 04:20:10.673026,INFO,DynamoDB operation completed successfully
2024-02-22 13:31:13.970024,INFO,DynamoDB operation completed successfully
2024-02-22 17:02:21.280773,INFO,DynamoDB operation completed successfully
2024-02-22 19:31:14.702523,INFO,DynamoDB operation completed successfully
2024-02-22 19:31:14.702523,INFO,DynamoDB operation completed successfully
2024-02-23 06:45:15.551772,INFO,DynamoDB operation completed successfully
2024-02-23 08:19:55.374578,INFO,DynamoDB operation completed successfully
2024-02-23 09:39:25.210382,INFO,DynamoDB operation completed successfully
2024-02-23 12:38:12.256696,INFO,DynamoDB operation completed successfully
2024-02-23 12:38:12.256696,INFO,DynamoDB operation completed successfully
2024-02-23 12:38:12.256696,ERROR,DynamoDB Service Unavailability
2024-02-23 12:38:12.256696,INFO,DynamoDB operation completed successfully
2024-02-23 15:41:49.329455,ERROR,DynamoDB Service Unavailability
2024-02-23 15:41:49.329455,INFO,DynamoDB operation completed successfully
2024-02-23 15:41:49.329455,INFO,DynamoDB operation completed successfully
2024-02-23 15:41:49.329455,INFO,DynamoDB operation completed successfully
2024-02-23 18:03:11.299690,INFO,DynamoDB operation completed successfully
2024-02-24 01:27:16.150712,INFO,DynamoDB operation completed successfully
2024-02-24 01:27:16.150712,INFO,DynamoDB operation completed successfully
2024-02-24 07:54:09.724346,INFO,DynamoDB operation completed successfully
2024-02-24 07:54:09.724346,INFO,DynamoDB operation completed successfully
2024-02-24 07:54:09.724346,INFO,DynamoDB operation completed successfully
2024-02-24 07:54:09.724346,INFO,DynamoDB operation completed successfully
2024-02-24 08:12:16.400212,INFO,DynamoDB operation completed successfully
2024-02-24 11:58:34.429157,INFO,DynamoDB operation completed successfully
2024-02-24 11:58:34.429157,INFO,DynamoDB operation completed successfully
2024-02-24 18:38:22.250267,INFO,DynamoDB operation completed successfully
2024-02-24 18:38:22.250267,INFO,DynamoDB operation completed successfully
2024-02-24 23:21:33.444100,INFO,DynamoDB operation completed successfully
2024-02-25 10:16:12.733396,INFO,DynamoDB operation completed successfully
2024-02-25 10:16:12.733396,INFO,DynamoDB operation completed successfully
2024-02-25 11:13:16.755569,INFO,DynamoDB operation completed successfully
2024-02-25 11:13:16.755569,INFO,DynamoDB operation completed successfully
2024-02-25 11:13:16.755569,INFO,DynamoDB operation completed successfully
2024-02-25 11:13:16.755569,INFO,DynamoDB operation completed successfully
2024-02-26 00:51:51.725157,INFO,DynamoDB operation completed successfully
2024-02-26 00:51:51.725157,INFO,DynamoDB operation completed successfully
2024-02-26 05:24:03.732515,INFO,DynamoDB operation completed successfully
2024-02-26 22:28:32.266033,INFO,DynamoDB operation completed successfully
2024-02-26 22:28:32.266033,INFO,DynamoDB operation completed successfully
2024-02-27 01:55:18.126765,INFO,DynamoDB operation completed successfully
2024-02-27 01:55:18.126765,INFO,DynamoDB operation completed successfully
2024-02-27 03:41:04.527309,INFO,DynamoDB operation completed successfully
2024-02-27 03:41:04.527309,INFO,DynamoDB operation completed successfully
2024-02-27 07:11:02.929448,INFO,DynamoDB operation completed successfully
2024-02-27 10:49:02.620004,INFO,DynamoDB operation completed successfully
2024-02-27 20:54:30.337206,INFO,DynamoDB operation completed successfully
2024-02-27 20:54:30.337206,INFO,DynamoDB operation completed successfully
2024-02-27 21:00:53.788531,ERROR,DynamoDB Service Unavailability
2024-02-27 21:00:53.788531,INFO,DynamoDB operation completed successfully
2024-02-27 23:59:20.687701,INFO,DynamoDB operation completed successfully
