Endpoint,Timestamp,Latency,Status Code,Is Up,Error Message
https://www.example.com,2024-02-01 01:45:41.853900,50,400,False,Bad Request
https://api.example.com/comments,2024-02-01 04:51:16.082492,194,404,False,Not Found
https://api.example.com/posts,2024-02-01 07:02:30.773091,248,400,False,Bad Request
https://www.example.com,2024-02-01 10:28:20.129873,70,200,True,
https://api.example.com/users,2024-02-01 12:28:28.530287,136,404,False,Not Found
https://api.example.com/comments,2024-02-01 14:17:27.327190,239,500,False,Server Error
https://shop.example.com/products,2024-02-01 15:07:04.593811,93,400,False,Bad Request
https://api.example.com/users,2024-02-01 16:07:42.692738,125,500,False,Server Error
https://api.example.com/comments,2024-02-01 23:17:15.564672,161,500,False,Server Error
https://www.example.com,2024-02-02 00:36:06.358692,65,503,False,Service Unavailable
https://api.example.com/users,2024-02-02 05:03:36.390070,116,500,False,Server Error
https://www.example.com,2024-02-02 06:55:10.012816,177,400,False,Bad Request
https://api.example.com/users,2024-02-02 17:22:30.450986,138,200,True,
https://api.example.com/users,2024-02-03 09:15:06.487267,258,400,False,Bad Request
https://www.example.com,2024-02-03 09:39:09.386418,75,400,False,Bad Request
https://api.example.com/users,2024-02-03 10:56:00.538428,272,400,False,Bad Request
https://api.example.com/comments,2024-02-03 11:56:33.666150,247,500,False,Server Error
https://shop.example.com/products,2024-02-03 20:55:49.080292,113,500,False,Server Error
https://api.example.com/posts,2024-02-03 22:31:59.149935,287,400,False,Bad Request
https://shop.example.com/products,2024-02-04 02:36:54.832704,202,200,True,
https://shop.example.com/products,2024-02-04 05:16:20.038544,117,400,False,Bad Request
https://api.example.com/posts,2024-02-04 12:34:32.210856,63,400,False,Bad Request
https://api.example.com/users,2024-02-04 14:21:53.182636,76,404,False,Not Found
https://api.example.com/posts,2024-02-04 20:19:49.552695,297,500,False,Server Error
https://www.example.com,2024-02-04 21:59:08.122457,88,400,False,Bad Request
https://api.example.com/comments,2024-02-04 23:11:28.037983,215,400,False,Bad Request
https://shop.example.com/products,2024-02-05 00:01:56.723467,96,404,False,Not Found
https://api.example.com/posts,2024-02-05 04:53:40.831735,283,400,False,Bad Request
https://api.example.com/comments,2024-02-05 06:54:13.656259,278,400,False,Bad Request
https://www.example.com,2024-02-05 09:34:52.879751,225,200,True,
https://www.example.com,2024-02-06 03:52:03.193124,75,500,False,Server Error
https://shop.example.com/products,2024-02-06 05:42:56.031278,122,503,False,Service Unavailable
https://api.example.com/posts,2024-02-06 05:43:56.108832,73,404,False,Not Found
https://www.example.com,2024-02-06 09:11:08.787226,91,404,False,Not Found
https://api.example.com/users,2024-02-06 09:42:51.546549,226,500,False,Server Error
https://api.example.com/comments,2024-02-06 11:47:00.543225,125,500,False,Server Error
https://shop.example.com/products,2024-02-06 13:17:23.295231,66,500,False,Server Error
https://api.example.com/users,2024-02-06 13:19:36.116357,259,500,False,Server Error
https://api.example.com/comments,2024-02-06 14:02:18.039810,54,400,False,Bad Request
https://shop.example.com/products,2024-02-06 15:50:50.538958,145,500,False,Server Error
https://api.example.com/posts,2024-02-06 16:11:11.826806,111,500,False,Server Error
https://api.example.com/comments,2024-02-06 22:51:24.439746,166,400,False,Bad Request
https://www.example.com,2024-02-07 00:06:45.628423,285,200,True,
https://api.example.com/posts,2024-02-07 04:05:14.991920,282,400,False,Bad Request
https://shop.example.com/products,2024-02-07 16:23:00.354028,59,404,False,Not Found
https://api.example.com/posts,2024-02-07 18:14:30.121609,267,200,True,
https://api.example.com/comments,2024-02-07 22:14:12.245678,237,500,False,Server Error
https://api.example.com/users,2024-02-07 23:13:09.874692,224,500,False,Server Error
https://api.example.com/posts,2024-02-08 02:54:01.903412,233,503,False,Service Unavailable
https://api.example.com/comments,2024-02-08 13:14:03.654654,122,500,False,Server Error
https://api.example.com/posts,2024-02-08 15:44:19.417509,85,500,False,Server Error
https://www.example.com,2024-02-08 15:58:47.544666,114,404,False,Not Found
https://shop.example.com/products,2024-02-08 16:42:55.035547,173,500,False,Server Error
https://api.example.com/comments,2024-02-09 00:46:43.697842,67,404,False,Not Found
https://shop.example.com/products,2024-02-09 01:02:36.218695,151,400,False,Bad Request
https://api.example.com/comments,2024-02-09 04:03:03.680173,112,400,False,Bad Request
https://shop.example.com/products,2024-02-09 08:27:52.109187,151,503,False,Service Unavailable
https://shop.example.com/products,2024-02-09 10:54:07.799616,214,404,False,Not Found
https://shop.example.com/products,2024-02-09 14:05:29.906361,219,500,False,Server Error
https://api.example.com/posts,2024-02-09 15:27:33.128410,82,404,False,Not Found
https://api.example.com/posts,2024-02-09 19:31:21.566262,169,404,False,Not Found
https://api.example.com/comments,2024-02-09 22:15:21.127490,277,400,False,Bad Request
https://api.example.com/comments,2024-02-09 23:21:32.168867,204,404,False,Not Found
https://api.example.com/posts,2024-02-10 00:48:54.403628,266,500,False,Server Error
https://api.example.com/posts,2024-02-10 10:51:28.963279,204,200,True,
https://api.example.com/posts,2024-02-10 14:20:31.694424,264,500,False,Server Error
https://api.example.com/comments,2024-02-10 17:05:48.536121,232,200,True,
https://api.example.com/posts,2024-02-11 05:37:51.886155,145,500,False,Server Error
https://api.example.com/comments,2024-02-11 08:04:30.094319,247,400,False,Bad Request
https://shop.example.com/products,2024-02-11 08:14:33.004254,94,500,False,Server Error
https://api.example.com/posts,2024-02-11 08:20:38.776268,212,404,False,Not Found
https://api.example.com/comments,2024-02-11 11:51:56.264944,200,400,False,Bad Request
https://api.example.com/users,2024-02-11 18:26:14.825368,191,200,True,
https://api.example.com/posts,2024-02-11 18:29:38.366718,161,500,False,Server Error
https://api.example.com/users,2024-02-11 19:17:02.773588,160,200,True,
https://api.example.com/users,2024-02-11 23:07:33.689807,163,500,False,Server Error
https://www.example.com,2024-02-11 23:09:17.324291,165,404,False,Not Found
https://api.example.com/users,2024-02-11 23:17:32.131755,80,400,False,Bad Request
https://www.example.com,2024-02-12 05:19:51.815529,298,500,False,Server Error
https://shop.example.com/products,2024-02-12 08:20:23.513780,290,404,False,Not Found
https://api.example.com/users,2024-02-12 10:38:53.563280,59,503,False,Service Unavailable
https://api.example.com/users,2024-02-12 18:56:13.435756,198,400,False,Bad Request
https://shop.example.com/products,2024-02-12 20:44:33.427224,269,200,True,
https://www.example.com,2024-02-13 11:01:54.714670,87,200,True,
https://api.example.com/comments,2024-02-13 18:55:11.488600,107,404,False,Not Found
https://shop.example.com/products,2024-02-13 19:06:13.298103,147,400,False,Bad Request
https://www.example.com,2024-02-13 21:35:13.058882,110,400,False,Bad Request
https://api.example.com/users,2024-02-14 03:01:10.684142,238,200,True,
https://api.example.com/users,2024-02-14 06:38:47.019488,92,200,True,
https://shop.example.com/products,2024-02-14 08:27:38.107266,98,400,False,Bad Request
https://api.example.com/users,2024-02-14 11:54:32.551445,174,200,True,
https://www.example.com,2024-02-14 11:54:39.059140,72,500,False,Server Error
https://api.example.com/comments,2024-02-14 12:58:49.080997,288,200,True,
https://api.example.com/comments,2024-02-14 14:47:02.792659,110,404,False,Not Found
https://api.example.com/comments,2024-02-14 14:52:09.945297,278,400,False,Bad Request
https://api.example.com/posts,2024-02-14 15:31:10.947442,296,404,False,Not Found
https://api.example.com/comments,2024-02-14 16:11:06.123704,253,400,False,Bad Request
https://shop.example.com/products,2024-02-14 16:33:32.511859,210,404,False,Not Found
https://api.example.com/users,2024-02-14 17:24:12.448351,117,400,False,Bad Request
https://shop.example.com/products,2024-02-14 22:59:53.464390,170,200,True,
https://api.example.com/users,2024-02-14 23:18:44.409254,84,404,False,Not Found
https://api.example.com/users,2024-02-15 03:09:51.638221,132,404,False,Not Found
https://www.example.com,2024-02-15 05:30:02.318872,202,200,True,
https://shop.example.com/products,2024-02-15 06:15:36.846635,235,404,False,Not Found
https://api.example.com/comments,2024-02-15 11:03:57.681770,145,404,False,Not Found
https://api.example.com/comments,2024-02-15 14:40:33.547946,146,404,False,Not Found
https://shop.example.com/products,2024-02-15 19:18:18.200467,101,400,False,Bad Request
https://api.example.com/comments,2024-02-15 21:54:13.928799,228,500,False,Server Error
https://api.example.com/users,2024-02-16 08:57:23.565930,78,404,False,Not Found
https://api.example.com/users,2024-02-16 13:31:31.088723,147,500,False,Server Error
https://api.example.com/posts,2024-02-16 16:04:16.535894,180,500,False,Server Error
https://api.example.com/comments,2024-02-17 00:18:46.434771,117,404,False,Not Found
https://shop.example.com/products,2024-02-17 00:38:29.862031,84,200,True,
https://api.example.com/posts,2024-02-17 00:42:56.198182,118,200,True,
https://api.example.com/posts,2024-02-17 06:07:19.165572,104,200,True,
https://api.example.com/users,2024-02-17 08:13:28.222171,142,500,False,Server Error
https://api.example.com/posts,2024-02-17 12:37:37.195070,125,200,True,
https://shop.example.com/products,2024-02-17 21:00:52.907835,90,404,False,Not Found
https://api.example.com/users,2024-02-18 07:52:14.640292,297,503,False,Service Unavailable
https://www.example.com,2024-02-18 08:19:05.477166,80,500,False,Server Error
https://shop.example.com/products,2024-02-18 08:46:03.359885,279,400,False,Bad Request
https://api.example.com/posts,2024-02-18 09:15:09.278114,254,200,True,
https://api.example.com/users,2024-02-18 10:38:47.011092,284,404,False,Not Found
https://api.example.com/posts,2024-02-18 16:51:48.676268,273,500,False,Server Error
https://api.example.com/posts,2024-02-18 16:55:53.525898,85,400,False,Bad Request
https://www.example.com,2024-02-18 23:27:33.120738,259,500,False,Server Error
https://shop.example.com/products,2024-02-19 00:55:16.994331,270,404,False,Not Found
https://www.example.com,2024-02-19 01:43:50.304824,64,500,False,Server Error
https://api.example.com/users,2024-02-19 07:48:01.110955,226,500,False,Server Error
https://api.example.com/posts,2024-02-19 08:59:40.476887,94,400,False,Bad Request
https://shop.example.com/products,2024-02-19 17:02:37.762417,109,400,False,Bad Request
https://www.example.com,2024-02-19 17:17:58.706949,296,404,False,Not Found
https://api.example.com/posts,2024-02-19 17:27:50.522131,166,503,False,Service Unavailable
https://shop.example.com/products,2024-02-19 20:43:46.763399,201,200,True,
https://www.example.com,2024-02-19 22:50:42.305282,224,503,False,Service Unavailable
https://api.example.com/users,2024-02-19 23:17:19.078602,185,404,False,Not Found
https://www.example.com,2024-02-20 01:19:19.979809,294,500,False,Server Error
https://api.example.com/posts,2024-02-20 02:53:46.260408,110,500,False,Server Error
https://api.example.com/posts,2024-02-20 06:20:26.643094,291,500,False,Server Error
https://www.example.com,2024-02-20 06:35:13.412184,246,404,False,Not Found
https://www.example.com,2024-02-20 09:26:08.794211,281,400,False,Bad Request
https://shop.example.com/products,2024-02-20 15:09:43.647181,205,404,False,Not Found
https://shop.example.com/products,2024-02-20 16:58:09.408226,199,500,False,Server Error
https://api.example.com/posts,2024-02-20 20:37:52.027715,122,400,False,Bad Request
https://api.example.com/comments,2024-02-20 23:41:48.260776,221,200,True,
https://api.example.com/posts,2024-02-21 04:19:18.950063,224,503,False,Service Unavailable
https://api.example.com/posts,2024-02-21 13:22:18.096695,100,500,False,Server Error
https://api.example.com/users,2024-02-21 13:24:04.100861,52,503,False,Service Unavailable
https://shop.example.com/products,2024-02-21 13:52:16.809972,136,200,True,
https://api.example.com/users,2024-02-21 15:59:25.622516,79,200,True,
https://shop.example.com/products,2024-02-21 16:02:19.084414,298,500,False,Server Error
https://shop.example.com/products,2024-02-21 20:09:04.333315,142,200,True,
https://api.example.com/users,2024-02-21 22:28:36.767648,150,404,False,Not Found
https://api.example.com/comments,2024-02-21 23:14:04.441515,254,404,False,Not Found
https://www.example.com,2024-02-21 23:30:40.682439,77,500,False,Server Error
https://api.example.com/posts,2024-02-22 01:06:21.324469,223,500,False,Server Error
https://www.example.com,2024-02-22 02:21:40.568462,180,400,False,Bad Request
https://api.example.com/posts,2024-02-22 04:20:10.673026,158,404,False,Not Found
https://api.example.com/posts,2024-02-22 13:31:13.970024,133,200,True,
https://shop.example.com/products,2024-02-22 13:53:13.687289,190,500,False,Server Error
https://api.example.com/users,2024-02-22 17:02:21.280773,273,200,True,
https://www.example.com,2024-02-22 18:30:32.885030,284,500,False,Server Error
https://api.example.com/users,2024-02-22 18:48:39.129230,59,400,False,Bad Request
https://api.example.com/comments,2024-02-22 19:31:14.702523,296,200,True,
https://api.example.com/comments,2024-02-22 22:38:28.609853,189,400,False,Bad Request
https://api.example.com/posts,2024-02-23 06:45:15.551772,170,500,False,Server Error
https://api.example.com/comments,2024-02-23 08:19:55.374578,112,200,True,
https://api.example.com/users,2024-02-23 09:39:25.210382,137,400,False,Bad Request
https://www.example.com,2024-02-23 12:38:12.256696,136,503,False,Service Unavailable
https://api.example.com/posts,2024-02-23 15:41:49.329455,76,503,False,Service Unavailable
https://shop.example.com/products,2024-02-23 16:11:23.796704,223,200,True,
https://www.example.com,2024-02-23 18:03:11.299690,278,404,False,Not Found
https://api.example.com/users,2024-02-24 01:27:16.150712,141,404,False,Not Found
https://www.example.com,2024-02-24 04:56:11.228313,113,500,False,Server Error
https://api.example.com/posts,2024-02-24 06:17:05.381287,286,200,True,
https://www.example.com,2024-02-24 07:54:09.724346,91,400,False,Bad Request
https://api.example.com/posts,2024-02-24 08:12:16.400212,131,500,False,Server Error
https://api.example.com/users,2024-02-24 11:58:34.429157,246,200,True,
https://api.example.com/comments,2024-02-24 15:55:42.930493,113,200,True,
https://shop.example.com/products,2024-02-24 18:38:22.250267,222,500,False,Server Error
https://api.example.com/comments,2024-02-24 23:21:33.444100,272,400,False,Bad Request
https://api.example.com/users,2024-02-25 08:33:42.469806,208,400,False,Bad Request
https://shop.example.com/products,2024-02-25 10:16:12.733396,229,400,False,Bad Request
https://api.example.com/posts,2024-02-25 11:13:16.755569,180,400,False,Bad Request
https://shop.example.com/products,2024-02-25 14:01:06.539939,225,500,False,Server Error
https://www.example.com,2024-02-26 00:51:51.725157,160,500,False,Server Error
https://shop.example.com/products,2024-02-26 05:24:03.732515,222,200,True,
https://api.example.com/comments,2024-02-26 09:41:46.360797,81,404,False,Not Found
https://api.example.com/comments,2024-02-26 10:38:08.083017,261,500,False,Server Error
https://shop.example.com/products,2024-02-26 18:46:54.079532,166,500,False,Server Error
https://api.example.com/posts,2024-02-26 22:28:32.266033,155,400,False,Bad Request
https://api.example.com/comments,2024-02-27 01:03:32.431224,179,200,True,
https://api.example.com/comments,2024-02-27 01:55:18.126765,69,404,False,Not Found
https://api.example.com/posts,2024-02-27 03:41:04.527309,56,400,False,Bad Request
https://api.example.com/comments,2024-02-27 07:11:02.929448,288,200,True,
https://api.example.com/comments,2024-02-27 08:22:05.585782,127,404,False,Not Found
https://api.example.com/users,2024-02-27 10:49:02.620004,202,404,False,Not Found
https://api.example.com/posts,2024-02-27 20:54:30.337206,111,404,False,Not Found
https://api.example.com/posts,2024-02-27 21:00:53.788531,189,503,False,Service Unavailable
https://shop.example.com/products,2024-02-27 23:59:20.687701,207,500,False,Server Error
